edge_id,scenario,layer,head,relation,tail,source,confidence,review_status,review_priority,suggested_action,evidence,claim_boundary
AnnularRingSignature|SUGGESTS_PLAUSIBLE_MECHANISM|ProcessNonuniformity|wafer,wafer,candidate_mechanism,AnnularRingSignature,SUGGESTS_PLAUSIBLE_MECHANISM,ProcessNonuniformity,wm811k_low_confidence_investigation_rule,0.54,auto,high,review before paper emphasis or keep as low-confidence candidate,WM811K Annular ring signature maps to Process nonuniformity as a low-confidence candidate investigation path; candidate/plausible explanation only; not a verified root-cause label.,candidate/plausible explanation only; not a verified root-cause label
AnnularRingSignature|SUGGESTS_PLAUSIBLE_MECHANISM|ResistStripInsufficient|wafer,wafer,candidate_mechanism,AnnularRingSignature,SUGGESTS_PLAUSIBLE_MECHANISM,ResistStripInsufficient,wafer_factory_sop_private_summary,0.48,auto,high,review before paper emphasis or keep as low-confidence candidate,Private SOP summary supports Resist strip insufficient as a low-confidence investigation target for the donut pattern and Annular ring signature; candidate/plausible explanation only; not a verified root-cause label.,candidate/plausible explanation only; not a verified root-cause label
AnnularRingSignature|SUGGESTS_PLAUSIBLE_MECHANISM|ToolingOrMaskPattern|wafer,wafer,candidate_mechanism,AnnularRingSignature,SUGGESTS_PLAUSIBLE_MECHANISM,ToolingOrMaskPattern,wm811k_low_confidence_investigation_rule,0.54,auto,high,review before paper emphasis or keep as low-confidence candidate,WM811K Annular ring signature maps to Tooling or mask pattern as a low-confidence candidate investigation path; candidate/plausible explanation only; not a verified root-cause label.,candidate/plausible explanation only; not a verified root-cause label
AnnularRingSignature|SUGGESTS_PLAUSIBLE_MECHANISM|WetCleanResidue|wafer,wafer,candidate_mechanism,AnnularRingSignature,SUGGESTS_PLAUSIBLE_MECHANISM,WetCleanResidue,wafer_factory_sop_private_summary,0.48,auto,high,review before paper emphasis or keep as low-confidence candidate,Private SOP summary supports Wet clean residue as a low-confidence investigation target for the donut pattern and Annular ring signature; candidate/plausible explanation only; not a verified root-cause label.,candidate/plausible explanation only; not a verified root-cause label
CenterClusterSignature|SUGGESTS_PLAUSIBLE_MECHANISM|ProcessInterruption|wafer,wafer,candidate_mechanism,CenterClusterSignature,SUGGESTS_PLAUSIBLE_MECHANISM,ProcessInterruption,wafer_factory_sop_private_summary,0.48,auto,high,review before paper emphasis or keep as low-confidence candidate,Private SOP summary supports Process interruption as a low-confidence investigation target for the center pattern and Center cluster signature; candidate/plausible explanation only; not a verified root-cause label.,candidate/plausible explanation only; not a verified root-cause label
CenterClusterSignature|SUGGESTS_PLAUSIBLE_MECHANISM|ProcessNonuniformity|wafer,wafer,candidate_mechanism,CenterClusterSignature,SUGGESTS_PLAUSIBLE_MECHANISM,ProcessNonuniformity,wafer_factory_sop_private_summary,0.48,auto,high,review before paper emphasis or keep as low-confidence candidate,Private SOP summary supports Process nonuniformity as a low-confidence investigation target for the center pattern and Center cluster signature; candidate/plausible explanation only; not a verified root-cause label.,candidate/plausible explanation only; not a verified root-cause label
CenterDefect|HAS_MORPHOLOGY|WaferClusteredMorphology|wafer,wafer,semantic_constraint,CenterDefect,HAS_MORPHOLOGY,WaferClusteredMorphology,wm811k_pattern_semantics,0.82,auto,low,bulk-approve if source registry is accepted,WM811K center pattern is represented with Wafer clustered morphology.,candidate/plausible explanation only; not a verified root-cause label
CenterDefect|HAS_PLAUSIBLE_CAUSE|ProcessInterruption|wafer,wafer,candidate_mechanism,CenterDefect,HAS_PLAUSIBLE_CAUSE,ProcessInterruption,wafer_factory_sop_private_summary,0.43,auto,high,review before paper emphasis or keep as low-confidence candidate,Private SOP summary snippet: 软件异常会导致...中心圆缺陷. WM811K center may use Process interruption as a low-confidence investigation target; candidate/plausible explanation only; not a verified root-cause label.,candidate/plausible explanation only; not a verified root-cause label
CenterDefect|HAS_PLAUSIBLE_CAUSE|ProcessNonuniformity|wafer,wafer,candidate_mechanism,CenterDefect,HAS_PLAUSIBLE_CAUSE,ProcessNonuniformity,wm811k_low_confidence_investigation_rule,0.55,auto,high,review before paper emphasis or keep as low-confidence candidate,"WM811K center pattern maps to Process nonuniformity as a low-confidence candidate investigation path, not verified process RCA.",candidate/plausible explanation only; not a verified root-cause label
CenterDefect|HAS_SPATIAL_SIGNATURE|CenterClusterSignature|wafer,wafer,semantic_constraint,CenterDefect,HAS_SPATIAL_SIGNATURE,CenterClusterSignature,wm811k_pattern_semantics,0.84,auto,low,bulk-approve if source registry is accepted,WM811K center pattern maps to the Center cluster signature descriptor; this is observed spatial evidence.,candidate/plausible explanation only; not a verified root-cause label
CenterDefect|OCCURS_ON|WaferCenterLocation|wafer,wafer,semantic_constraint,CenterDefect,OCCURS_ON,WaferCenterLocation,wm811k_pattern_semantics,0.8,auto,low,bulk-approve if source registry is accepted,WM811K center pattern is represented at Wafer center.,candidate/plausible explanation only; not a verified root-cause label
DonutDefect|HAS_MORPHOLOGY|WaferRingMorphology|wafer,wafer,semantic_constraint,DonutDefect,HAS_MORPHOLOGY,WaferRingMorphology,wm811k_pattern_semantics,0.82,auto,low,bulk-approve if source registry is accepted,WM811K donut pattern is represented with Wafer ring morphology.,candidate/plausible explanation only; not a verified root-cause label
DonutDefect|HAS_PLAUSIBLE_CAUSE|ProcessNonuniformity|wafer,wafer,candidate_mechanism,DonutDefect,HAS_PLAUSIBLE_CAUSE,ProcessNonuniformity,wm811k_low_confidence_investigation_rule,0.55,auto,high,review before paper emphasis or keep as low-confidence candidate,"WM811K donut pattern maps to Process nonuniformity as a low-confidence candidate investigation path, not verified process RCA.",candidate/plausible explanation only; not a verified root-cause label
DonutDefect|HAS_PLAUSIBLE_CAUSE|ResistStripInsufficient|wafer,wafer,candidate_mechanism,DonutDefect,HAS_PLAUSIBLE_CAUSE,ResistStripInsufficient,wafer_factory_sop_private_summary,0.49,auto,high,review before paper emphasis or keep as low-confidence candidate,Private SOP summary snippet: 去胶不彻底会在晶圆中心形成类似甜甜圈形状的残留物. WM811K donut may use Resist strip insufficient as a low-confidence investigation target; candidate/plausible explanation only; not a verified root-cause label.,candidate/plausible explanation only; not a verified root-cause label
DonutDefect|HAS_PLAUSIBLE_CAUSE|ToolingOrMaskPattern|wafer,wafer,candidate_mechanism,DonutDefect,HAS_PLAUSIBLE_CAUSE,ToolingOrMaskPattern,wm811k_low_confidence_investigation_rule,0.55,auto,high,review before paper emphasis or keep as low-confidence candidate,"WM811K donut pattern maps to Tooling or mask pattern as a low-confidence candidate investigation path, not verified process RCA.",candidate/plausible explanation only; not a verified root-cause label
DonutDefect|HAS_PLAUSIBLE_CAUSE|WetCleanResidue|wafer,wafer,candidate_mechanism,DonutDefect,HAS_PLAUSIBLE_CAUSE,WetCleanResidue,wafer_factory_sop_private_summary,0.46,auto,high,review before paper emphasis or keep as low-confidence candidate,Private SOP summary snippet: 甜甜圈缺陷：去胶不彻底...残留物. WM811K donut may use Wet clean residue as a low-confidence investigation target; candidate/plausible explanation only; not a verified root-cause label.,candidate/plausible explanation only; not a verified root-cause label
DonutDefect|HAS_SPATIAL_SIGNATURE|AnnularRingSignature|wafer,wafer,semantic_constraint,DonutDefect,HAS_SPATIAL_SIGNATURE,AnnularRingSignature,wm811k_pattern_semantics,0.84,auto,low,bulk-approve if source registry is accepted,WM811K donut pattern maps to the Annular ring signature descriptor; this is observed spatial evidence.,candidate/plausible explanation only; not a verified root-cause label
DonutDefect|OCCURS_ON|WaferCenterLocation|wafer,wafer,semantic_constraint,DonutDefect,OCCURS_ON,WaferCenterLocation,wm811k_pattern_semantics,0.8,auto,low,bulk-approve if source registry is accepted,WM811K donut pattern is represented at Wafer center.,candidate/plausible explanation only; not a verified root-cause label
EdgeLocDefect|HAS_MORPHOLOGY|WaferClusteredMorphology|wafer,wafer,semantic_constraint,EdgeLocDefect,HAS_MORPHOLOGY,WaferClusteredMorphology,wm811k_pattern_semantics,0.82,auto,low,bulk-approve if source registry is accepted,WM811K edge_loc pattern is represented with Wafer clustered morphology.,candidate/plausible explanation only; not a verified root-cause label
EdgeLocDefect|HAS_PLAUSIBLE_CAUSE|EdgeProcessIssue|wafer,wafer,candidate_mechanism,EdgeLocDefect,HAS_PLAUSIBLE_CAUSE,EdgeProcessIssue,wm811k_low_confidence_investigation_rule,0.55,auto,high,review before paper emphasis or keep as low-confidence candidate,"WM811K edge_loc pattern maps to Edge process issue as a low-confidence candidate investigation path, not verified process RCA.",candidate/plausible explanation only; not a verified root-cause label
EdgeLocDefect|HAS_SPATIAL_SIGNATURE|EdgeLocalizedSignature|wafer,wafer,semantic_constraint,EdgeLocDefect,HAS_SPATIAL_SIGNATURE,EdgeLocalizedSignature,wm811k_pattern_semantics,0.84,auto,low,bulk-approve if source registry is accepted,WM811K edge_loc pattern maps to the Edge localized signature descriptor; this is observed spatial evidence.,candidate/plausible explanation only; not a verified root-cause label
EdgeLocDefect|OCCURS_ON|WaferEdgeLocation|wafer,wafer,semantic_constraint,EdgeLocDefect,OCCURS_ON,WaferEdgeLocation,wm811k_pattern_semantics,0.8,auto,low,bulk-approve if source registry is accepted,WM811K edge_loc pattern is represented at Wafer edge.,candidate/plausible explanation only; not a verified root-cause label
EdgeLocalizedSignature|SUGGESTS_PLAUSIBLE_MECHANISM|ChamberContamination|wafer,wafer,candidate_mechanism,EdgeLocalizedSignature,SUGGESTS_PLAUSIBLE_MECHANISM,ChamberContamination,wm811k_low_confidence_investigation_rule,0.54,auto,high,review before paper emphasis or keep as low-confidence candidate,WM811K Edge localized signature maps to Chamber contamination as a low-confidence candidate investigation path; candidate/plausible explanation only; not a verified root-cause label.,candidate/plausible explanation only; not a verified root-cause label
EdgeLocalizedSignature|SUGGESTS_PLAUSIBLE_MECHANISM|EdgeProcessIssue|wafer,wafer,candidate_mechanism,EdgeLocalizedSignature,SUGGESTS_PLAUSIBLE_MECHANISM,EdgeProcessIssue,wm811k_low_confidence_investigation_rule,0.54,auto,high,review before paper emphasis or keep as low-confidence candidate,WM811K Edge localized signature maps to Edge process issue as a low-confidence candidate investigation path; candidate/plausible explanation only; not a verified root-cause label.,candidate/plausible explanation only; not a verified root-cause label
EdgeRingDefect|HAS_MORPHOLOGY|WaferRingMorphology|wafer,wafer,semantic_constraint,EdgeRingDefect,HAS_MORPHOLOGY,WaferRingMorphology,wm811k_pattern_semantics,0.82,auto,low,bulk-approve if source registry is accepted,WM811K edge_ring pattern is represented with Wafer ring morphology.,candidate/plausible explanation only; not a verified root-cause label
EdgeRingDefect|HAS_PLAUSIBLE_CAUSE|EdgeProcessIssue|wafer,wafer,candidate_mechanism,EdgeRingDefect,HAS_PLAUSIBLE_CAUSE,EdgeProcessIssue,wm811k_low_confidence_investigation_rule,0.55,auto,high,review before paper emphasis or keep as low-confidence candidate,"WM811K edge_ring pattern maps to Edge process issue as a low-confidence candidate investigation path, not verified process RCA.",candidate/plausible explanation only; not a verified root-cause label
EdgeRingDefect|HAS_PLAUSIBLE_CAUSE|ResistStripInsufficient|wafer,wafer,candidate_mechanism,EdgeRingDefect,HAS_PLAUSIBLE_CAUSE,ResistStripInsufficient,wafer_factory_sop_private_summary,0.5,auto,high,review before paper emphasis or keep as low-confidence candidate,Private SOP summary snippet: 去胶不完全会在晶圆边缘形成环状残留物. WM811K edge_ring may use Resist strip insufficient as a low-confidence investigation target; candidate/plausible explanation only; not a verified root-cause label.,candidate/plausible explanation only; not a verified root-cause label
EdgeRingDefect|HAS_PLAUSIBLE_CAUSE|ToolingOrMaskPattern|wafer,wafer,candidate_mechanism,EdgeRingDefect,HAS_PLAUSIBLE_CAUSE,ToolingOrMaskPattern,wm811k_low_confidence_investigation_rule,0.55,auto,high,review before paper emphasis or keep as low-confidence candidate,"WM811K edge_ring pattern maps to Tooling or mask pattern as a low-confidence candidate investigation path, not verified process RCA.",candidate/plausible explanation only; not a verified root-cause label
EdgeRingDefect|HAS_PLAUSIBLE_CAUSE|WetCleanResidue|wafer,wafer,candidate_mechanism,EdgeRingDefect,HAS_PLAUSIBLE_CAUSE,WetCleanResidue,wafer_factory_sop_private_summary,0.47,auto,high,review before paper emphasis or keep as low-confidence candidate,Private SOP summary snippet: 去胶不充分导致边缘环缺陷. WM811K edge_ring may use Wet clean residue as a low-confidence investigation target; candidate/plausible explanation only; not a verified root-cause label.,candidate/plausible explanation only; not a verified root-cause label
EdgeRingDefect|HAS_SPATIAL_SIGNATURE|EdgeRingSignature|wafer,wafer,semantic_constraint,EdgeRingDefect,HAS_SPATIAL_SIGNATURE,EdgeRingSignature,wm811k_pattern_semantics,0.84,auto,low,bulk-approve if source registry is accepted,WM811K edge_ring pattern maps to the Edge ring signature descriptor; this is observed spatial evidence.,candidate/plausible explanation only; not a verified root-cause label
EdgeRingDefect|OCCURS_ON|WaferEdgeLocation|wafer,wafer,semantic_constraint,EdgeRingDefect,OCCURS_ON,WaferEdgeLocation,wm811k_pattern_semantics,0.8,auto,low,bulk-approve if source registry is accepted,WM811K edge_ring pattern is represented at Wafer edge.,candidate/plausible explanation only; not a verified root-cause label
EdgeRingSignature|SUGGESTS_PLAUSIBLE_MECHANISM|EdgeProcessIssue|wafer,wafer,candidate_mechanism,EdgeRingSignature,SUGGESTS_PLAUSIBLE_MECHANISM,EdgeProcessIssue,wm811k_low_confidence_investigation_rule,0.54,auto,high,review before paper emphasis or keep as low-confidence candidate,WM811K Edge ring signature maps to Edge process issue as a low-confidence candidate investigation path; candidate/plausible explanation only; not a verified root-cause label.,candidate/plausible explanation only; not a verified root-cause label
EdgeRingSignature|SUGGESTS_PLAUSIBLE_MECHANISM|ResistStripInsufficient|wafer,wafer,candidate_mechanism,EdgeRingSignature,SUGGESTS_PLAUSIBLE_MECHANISM,ResistStripInsufficient,wafer_factory_sop_private_summary,0.48,auto,high,review before paper emphasis or keep as low-confidence candidate,Private SOP summary supports Resist strip insufficient as a low-confidence investigation target for the edge_ring pattern and Edge ring signature; candidate/plausible explanation only; not a verified root-cause label.,candidate/plausible explanation only; not a verified root-cause label
EdgeRingSignature|SUGGESTS_PLAUSIBLE_MECHANISM|ToolingOrMaskPattern|wafer,wafer,candidate_mechanism,EdgeRingSignature,SUGGESTS_PLAUSIBLE_MECHANISM,ToolingOrMaskPattern,wm811k_low_confidence_investigation_rule,0.54,auto,high,review before paper emphasis or keep as low-confidence candidate,WM811K Edge ring signature maps to Tooling or mask pattern as a low-confidence candidate investigation path; candidate/plausible explanation only; not a verified root-cause label.,candidate/plausible explanation only; not a verified root-cause label
EdgeRingSignature|SUGGESTS_PLAUSIBLE_MECHANISM|WetCleanResidue|wafer,wafer,candidate_mechanism,EdgeRingSignature,SUGGESTS_PLAUSIBLE_MECHANISM,WetCleanResidue,wafer_factory_sop_private_summary,0.48,auto,high,review before paper emphasis or keep as low-confidence candidate,Private SOP summary supports Wet clean residue as a low-confidence investigation target for the edge_ring pattern and Edge ring signature; candidate/plausible explanation only; not a verified root-cause label.,candidate/plausible explanation only; not a verified root-cause label
LinearScratchSignature|SUGGESTS_PLAUSIBLE_MECHANISM|HandlingScratch|wafer,wafer,candidate_mechanism,LinearScratchSignature,SUGGESTS_PLAUSIBLE_MECHANISM,HandlingScratch,wafer_factory_sop_private_summary,0.48,auto,high,review before paper emphasis or keep as low-confidence candidate,Private SOP summary supports Handling scratch as a low-confidence investigation target for the scratch pattern and Linear scratch signature; candidate/plausible explanation only; not a verified root-cause label.,candidate/plausible explanation only; not a verified root-cause label
LinearScratchSignature|SUGGESTS_PLAUSIBLE_MECHANISM|WaferTransferMisalignment|wafer,wafer,candidate_mechanism,LinearScratchSignature,SUGGESTS_PLAUSIBLE_MECHANISM,WaferTransferMisalignment,wafer_factory_sop_private_summary,0.48,auto,high,review before paper emphasis or keep as low-confidence candidate,Private SOP summary supports Wafer transfer misalignment as a low-confidence investigation target for the scratch pattern and Linear scratch signature; candidate/plausible explanation only; not a verified root-cause label.,candidate/plausible explanation only; not a verified root-cause label
LocDefect|HAS_MORPHOLOGY|WaferClusteredMorphology|wafer,wafer,semantic_constraint,LocDefect,HAS_MORPHOLOGY,WaferClusteredMorphology,wm811k_pattern_semantics,0.82,auto,low,bulk-approve if source registry is accepted,WM811K loc pattern is represented with Wafer clustered morphology.,candidate/plausible explanation only; not a verified root-cause label
LocDefect|HAS_PLAUSIBLE_CAUSE|ProcessNonuniformity|wafer,wafer,candidate_mechanism,LocDefect,HAS_PLAUSIBLE_CAUSE,ProcessNonuniformity,wm811k_low_confidence_investigation_rule,0.55,auto,high,review before paper emphasis or keep as low-confidence candidate,"WM811K loc pattern maps to Process nonuniformity as a low-confidence candidate investigation path, not verified process RCA.",candidate/plausible explanation only; not a verified root-cause label
LocDefect|HAS_SPATIAL_SIGNATURE|LocalClusterSignature|wafer,wafer,semantic_constraint,LocDefect,HAS_SPATIAL_SIGNATURE,LocalClusterSignature,wm811k_pattern_semantics,0.84,auto,low,bulk-approve if source registry is accepted,WM811K loc pattern maps to the Local cluster signature descriptor; this is observed spatial evidence.,candidate/plausible explanation only; not a verified root-cause label
LocDefect|OCCURS_ON|WaferLocalLocation|wafer,wafer,semantic_constraint,LocDefect,OCCURS_ON,WaferLocalLocation,wm811k_pattern_semantics,0.8,auto,low,bulk-approve if source registry is accepted,WM811K loc pattern is represented at Wafer local region.,candidate/plausible explanation only; not a verified root-cause label
LocalClusterSignature|SUGGESTS_PLAUSIBLE_MECHANISM|ProcessNonuniformity|wafer,wafer,candidate_mechanism,LocalClusterSignature,SUGGESTS_PLAUSIBLE_MECHANISM,ProcessNonuniformity,wm811k_low_confidence_investigation_rule,0.54,auto,high,review before paper emphasis or keep as low-confidence candidate,WM811K Local cluster signature maps to Process nonuniformity as a low-confidence candidate investigation path; candidate/plausible explanation only; not a verified root-cause label.,candidate/plausible explanation only; not a verified root-cause label
NearFullDenseSignature|SUGGESTS_PLAUSIBLE_MECHANISM|MegasonicRinseInsufficient|wafer,wafer,candidate_mechanism,NearFullDenseSignature,SUGGESTS_PLAUSIBLE_MECHANISM,MegasonicRinseInsufficient,wafer_factory_sop_private_summary,0.48,auto,high,review before paper emphasis or keep as low-confidence candidate,Private SOP summary supports Megasonic rinse insufficient as a low-confidence investigation target for the nearfull pattern and Near-full dense signature; candidate/plausible explanation only; not a verified root-cause label.,candidate/plausible explanation only; not a verified root-cause label
NearFullDenseSignature|SUGGESTS_PLAUSIBLE_MECHANISM|ParticleContamination|wafer,wafer,candidate_mechanism,NearFullDenseSignature,SUGGESTS_PLAUSIBLE_MECHANISM,ParticleContamination,wm811k_low_confidence_investigation_rule,0.54,auto,high,review before paper emphasis or keep as low-confidence candidate,WM811K Near-full dense signature maps to Particle contamination as a low-confidence candidate investigation path; candidate/plausible explanation only; not a verified root-cause label.,candidate/plausible explanation only; not a verified root-cause label
NearFullDenseSignature|SUGGESTS_PLAUSIBLE_MECHANISM|RecipeStepSkip|wafer,wafer,candidate_mechanism,NearFullDenseSignature,SUGGESTS_PLAUSIBLE_MECHANISM,RecipeStepSkip,wafer_factory_sop_private_summary,0.48,auto,high,review before paper emphasis or keep as low-confidence candidate,Private SOP summary supports Recipe step skip as a low-confidence investigation target for the nearfull pattern and Near-full dense signature; candidate/plausible explanation only; not a verified root-cause label.,candidate/plausible explanation only; not a verified root-cause label
NearFullDenseSignature|SUGGESTS_PLAUSIBLE_MECHANISM|RinseFlowInsufficient|wafer,wafer,candidate_mechanism,NearFullDenseSignature,SUGGESTS_PLAUSIBLE_MECHANISM,RinseFlowInsufficient,wafer_factory_sop_private_summary,0.48,auto,high,review before paper emphasis or keep as low-confidence candidate,Private SOP summary supports Rinse flow insufficient as a low-confidence investigation target for the nearfull pattern and Near-full dense signature; candidate/plausible explanation only; not a verified root-cause label.,candidate/plausible explanation only; not a verified root-cause label
NearFullDenseSignature|SUGGESTS_PLAUSIBLE_MECHANISM|WaterQualityExcursion|wafer,wafer,candidate_mechanism,NearFullDenseSignature,SUGGESTS_PLAUSIBLE_MECHANISM,WaterQualityExcursion,wafer_factory_sop_private_summary,0.48,auto,high,review before paper emphasis or keep as low-confidence candidate,Private SOP summary supports Water quality excursion as a low-confidence investigation target for the nearfull pattern and Near-full dense signature; candidate/plausible explanation only; not a verified root-cause label.,candidate/plausible explanation only; not a verified root-cause label
NearFullDenseSignature|SUGGESTS_PLAUSIBLE_MECHANISM|WetCleanResidue|wafer,wafer,candidate_mechanism,NearFullDenseSignature,SUGGESTS_PLAUSIBLE_MECHANISM,WetCleanResidue,wafer_factory_sop_private_summary,0.48,auto,high,review before paper emphasis or keep as low-confidence candidate,Private SOP summary supports Wet clean residue as a low-confidence investigation target for the nearfull pattern and Near-full dense signature; candidate/plausible explanation only; not a verified root-cause label.,candidate/plausible explanation only; not a verified root-cause label
NearfullDefect|HAS_PLAUSIBLE_CAUSE|MegasonicRinseInsufficient|wafer,wafer,candidate_mechanism,NearfullDefect,HAS_PLAUSIBLE_CAUSE,MegasonicRinseInsufficient,wafer_factory_sop_private_summary,0.48,auto,high,review before paper emphasis or keep as low-confidence candidate,Private SOP summary snippet: 未开启兆声水会导致nearfull缺陷. WM811K nearfull may use Megasonic rinse insufficient as a low-confidence investigation target; candidate/plausible explanation only; not a verified root-cause label.,candidate/plausible explanation only; not a verified root-cause label
NearfullDefect|HAS_PLAUSIBLE_CAUSE|ParticleContamination|wafer,wafer,candidate_mechanism,NearfullDefect,HAS_PLAUSIBLE_CAUSE,ParticleContamination,wm811k_low_confidence_investigation_rule,0.6,auto,high,review before paper emphasis or keep as low-confidence candidate,"WM811K nearfull pattern maps to Particle contamination as a low-confidence candidate investigation path, not verified process RCA.",candidate/plausible explanation only; not a verified root-cause label
NearfullDefect|HAS_PLAUSIBLE_CAUSE|RecipeStepSkip|wafer,wafer,candidate_mechanism,NearfullDefect,HAS_PLAUSIBLE_CAUSE,RecipeStepSkip,wafer_factory_sop_private_summary,0.44,auto,high,review before paper emphasis or keep as low-confidence candidate,Private SOP summary snippet: 跳步操作会导致near full缺陷. WM811K nearfull may use Recipe step skip as a low-confidence investigation target; candidate/plausible explanation only; not a verified root-cause label.,candidate/plausible explanation only; not a verified root-cause label
NearfullDefect|HAS_PLAUSIBLE_CAUSE|RinseFlowInsufficient|wafer,wafer,candidate_mechanism,NearfullDefect,HAS_PLAUSIBLE_CAUSE,RinseFlowInsufficient,wafer_factory_sop_private_summary,0.49,auto,high,review before paper emphasis or keep as low-confidence candidate,Private SOP summary snippet: 未开启纯水会导致nearfull缺陷. WM811K nearfull may use Rinse flow insufficient as a low-confidence investigation target; candidate/plausible explanation only; not a verified root-cause label.,candidate/plausible explanation only; not a verified root-cause label
NearfullDefect|HAS_PLAUSIBLE_CAUSE|WaterQualityExcursion|wafer,wafer,candidate_mechanism,NearfullDefect,HAS_PLAUSIBLE_CAUSE,WaterQualityExcursion,wafer_factory_sop_private_summary,0.46,auto,high,review before paper emphasis or keep as low-confidence candidate,Private SOP summary snippet: 水阻率异常导致晶圆near full缺陷. WM811K nearfull may use Water quality excursion as a low-confidence investigation target; candidate/plausible explanation only; not a verified root-cause label.,candidate/plausible explanation only; not a verified root-cause label
NearfullDefect|HAS_PLAUSIBLE_CAUSE|WetCleanResidue|wafer,wafer,candidate_mechanism,NearfullDefect,HAS_PLAUSIBLE_CAUSE,WetCleanResidue,wafer_factory_sop_private_summary,0.52,auto,high,review before paper emphasis or keep as low-confidence candidate,Private SOP summary snippet: 晶圆表面残留物过多，形成near full缺陷. WM811K nearfull may use Wet clean residue as a low-confidence investigation target; candidate/plausible explanation only; not a verified root-cause label.,candidate/plausible explanation only; not a verified root-cause label
NearfullDefect|HAS_SPATIAL_SIGNATURE|NearFullDenseSignature|wafer,wafer,semantic_constraint,NearfullDefect,HAS_SPATIAL_SIGNATURE,NearFullDenseSignature,wm811k_pattern_semantics,0.84,auto,low,bulk-approve if source registry is accepted,WM811K nearfull pattern maps to the Near-full dense signature descriptor; this is observed spatial evidence.,candidate/plausible explanation only; not a verified root-cause label
RandomDefect|HAS_MORPHOLOGY|WaferScatteredMorphology|wafer,wafer,semantic_constraint,RandomDefect,HAS_MORPHOLOGY,WaferScatteredMorphology,wm811k_pattern_semantics,0.82,auto,low,bulk-approve if source registry is accepted,WM811K random pattern is represented with Wafer scattered morphology.,candidate/plausible explanation only; not a verified root-cause label
RandomDefect|HAS_PLAUSIBLE_CAUSE|ChamberContamination|wafer,wafer,candidate_mechanism,RandomDefect,HAS_PLAUSIBLE_CAUSE,ChamberContamination,wafer_factory_sop_private_summary,0.44,auto,high,review before paper emphasis or keep as low-confidence candidate,Private SOP summary snippet: 腔门未正常关闭会导致腔内污染. WM811K random may use Chamber contamination as a low-confidence investigation target; candidate/plausible explanation only; not a verified root-cause label.,candidate/plausible explanation only; not a verified root-cause label
RandomDefect|HAS_PLAUSIBLE_CAUSE|ParticleContamination|wafer,wafer,candidate_mechanism,RandomDefect,HAS_PLAUSIBLE_CAUSE,ParticleContamination,wm811k_low_confidence_investigation_rule,0.55,auto,high,review before paper emphasis or keep as low-confidence candidate,"WM811K random pattern maps to Particle contamination as a low-confidence candidate investigation path, not verified process RCA.",candidate/plausible explanation only; not a verified root-cause label
RandomDefect|HAS_PLAUSIBLE_CAUSE|ProcessNonuniformity|wafer,wafer,candidate_mechanism,RandomDefect,HAS_PLAUSIBLE_CAUSE,ProcessNonuniformity,wm811k_low_confidence_investigation_rule,0.55,auto,high,review before paper emphasis or keep as low-confidence candidate,"WM811K random pattern maps to Process nonuniformity as a low-confidence candidate investigation path, not verified process RCA.",candidate/plausible explanation only; not a verified root-cause label
RandomDefect|HAS_SPATIAL_SIGNATURE|RandomScatteredSignature|wafer,wafer,semantic_constraint,RandomDefect,HAS_SPATIAL_SIGNATURE,RandomScatteredSignature,wm811k_pattern_semantics,0.84,auto,low,bulk-approve if source registry is accepted,WM811K random pattern maps to the Random scattered signature descriptor; this is observed spatial evidence.,candidate/plausible explanation only; not a verified root-cause label
RandomDefect|OCCURS_ON|WaferSurface|wafer,wafer,semantic_constraint,RandomDefect,OCCURS_ON,WaferSurface,wm811k_pattern_semantics,0.8,auto,low,bulk-approve if source registry is accepted,WM811K random pattern is represented at Wafer surface.,candidate/plausible explanation only; not a verified root-cause label
RandomScatteredSignature|SUGGESTS_PLAUSIBLE_MECHANISM|ChamberContamination|wafer,wafer,candidate_mechanism,RandomScatteredSignature,SUGGESTS_PLAUSIBLE_MECHANISM,ChamberContamination,wafer_factory_sop_private_summary,0.48,auto,high,review before paper emphasis or keep as low-confidence candidate,Private SOP summary supports Chamber contamination as a low-confidence investigation target for the random pattern and Random scattered signature; candidate/plausible explanation only; not a verified root-cause label.,candidate/plausible explanation only; not a verified root-cause label
RandomScatteredSignature|SUGGESTS_PLAUSIBLE_MECHANISM|ParticleContamination|wafer,wafer,candidate_mechanism,RandomScatteredSignature,SUGGESTS_PLAUSIBLE_MECHANISM,ParticleContamination,wm811k_low_confidence_investigation_rule,0.54,auto,high,review before paper emphasis or keep as low-confidence candidate,WM811K Random scattered signature maps to Particle contamination as a low-confidence candidate investigation path; candidate/plausible explanation only; not a verified root-cause label.,candidate/plausible explanation only; not a verified root-cause label
RandomScatteredSignature|SUGGESTS_PLAUSIBLE_MECHANISM|ProcessNonuniformity|wafer,wafer,candidate_mechanism,RandomScatteredSignature,SUGGESTS_PLAUSIBLE_MECHANISM,ProcessNonuniformity,wm811k_low_confidence_investigation_rule,0.54,auto,high,review before paper emphasis or keep as low-confidence candidate,WM811K Random scattered signature maps to Process nonuniformity as a low-confidence candidate investigation path; candidate/plausible explanation only; not a verified root-cause label.,candidate/plausible explanation only; not a verified root-cause label
WaferObject|HAS_ANOMALY|CenterDefect|wafer,wafer,observed_evidence,WaferObject,HAS_ANOMALY,CenterDefect,wm811k_public_pattern_classes,0.86,auto,low,bulk-approve if source registry is accepted,WM811K public classifier/dataset pattern vocabulary includes center.,candidate/plausible explanation only; not a verified root-cause label
WaferObject|HAS_ANOMALY|DonutDefect|wafer,wafer,observed_evidence,WaferObject,HAS_ANOMALY,DonutDefect,wm811k_public_pattern_classes,0.86,auto,low,bulk-approve if source registry is accepted,WM811K public classifier/dataset pattern vocabulary includes donut.,candidate/plausible explanation only; not a verified root-cause label
WaferObject|HAS_ANOMALY|EdgeLocDefect|wafer,wafer,observed_evidence,WaferObject,HAS_ANOMALY,EdgeLocDefect,wm811k_public_pattern_classes,0.86,auto,low,bulk-approve if source registry is accepted,WM811K public classifier/dataset pattern vocabulary includes edge_loc.,candidate/plausible explanation only; not a verified root-cause label
WaferObject|HAS_ANOMALY|EdgeRingDefect|wafer,wafer,observed_evidence,WaferObject,HAS_ANOMALY,EdgeRingDefect,wm811k_public_pattern_classes,0.86,auto,low,bulk-approve if source registry is accepted,WM811K public classifier/dataset pattern vocabulary includes edge_ring.,candidate/plausible explanation only; not a verified root-cause label
WaferObject|HAS_ANOMALY|LocDefect|wafer,wafer,observed_evidence,WaferObject,HAS_ANOMALY,LocDefect,wm811k_public_pattern_classes,0.86,auto,low,bulk-approve if source registry is accepted,WM811K public classifier/dataset pattern vocabulary includes loc.,candidate/plausible explanation only; not a verified root-cause label
WaferObject|HAS_ANOMALY|RandomDefect|wafer,wafer,observed_evidence,WaferObject,HAS_ANOMALY,RandomDefect,wm811k_public_pattern_classes,0.86,auto,low,bulk-approve if source registry is accepted,WM811K public classifier/dataset pattern vocabulary includes random.,candidate/plausible explanation only; not a verified root-cause label
WaferObject|HAS_ANOMALY|WaferScratchDefect|wafer,wafer,observed_evidence,WaferObject,HAS_ANOMALY,WaferScratchDefect,wm811k_public_pattern_classes,0.86,auto,low,bulk-approve if source registry is accepted,WM811K public classifier/dataset pattern vocabulary includes scratch.,candidate/plausible explanation only; not a verified root-cause label
WaferScratchDefect|HAS_MORPHOLOGY|WaferLinearMorphology|wafer,wafer,semantic_constraint,WaferScratchDefect,HAS_MORPHOLOGY,WaferLinearMorphology,wm811k_pattern_semantics,0.82,auto,low,bulk-approve if source registry is accepted,WM811K scratch pattern is represented with Wafer linear morphology.,candidate/plausible explanation only; not a verified root-cause label
WaferScratchDefect|HAS_PLAUSIBLE_CAUSE|HandlingScratch|wafer,wafer,candidate_mechanism,WaferScratchDefect,HAS_PLAUSIBLE_CAUSE,HandlingScratch,wm811k_low_confidence_investigation_rule,0.55,auto,high,review before paper emphasis or keep as low-confidence candidate,"WM811K scratch pattern maps to Handling scratch as a low-confidence candidate investigation path, not verified process RCA.",candidate/plausible explanation only; not a verified root-cause label
WaferScratchDefect|HAS_PLAUSIBLE_CAUSE|WaferTransferMisalignment|wafer,wafer,candidate_mechanism,WaferScratchDefect,HAS_PLAUSIBLE_CAUSE,WaferTransferMisalignment,wafer_factory_sop_private_summary,0.5,auto,high,review before paper emphasis or keep as low-confidence candidate,Private SOP summary snippet: 定位不精确...晶圆表面出现划痕缺陷. WM811K scratch may use Wafer transfer misalignment as a low-confidence investigation target; candidate/plausible explanation only; not a verified root-cause label.,candidate/plausible explanation only; not a verified root-cause label
WaferScratchDefect|HAS_SPATIAL_SIGNATURE|LinearScratchSignature|wafer,wafer,semantic_constraint,WaferScratchDefect,HAS_SPATIAL_SIGNATURE,LinearScratchSignature,wm811k_pattern_semantics,0.84,auto,low,bulk-approve if source registry is accepted,WM811K scratch pattern maps to the Linear scratch signature descriptor; this is observed spatial evidence.,candidate/plausible explanation only; not a verified root-cause label
WaferScratchDefect|OCCURS_ON|WaferSurface|wafer,wafer,semantic_constraint,WaferScratchDefect,OCCURS_ON,WaferSurface,wm811k_pattern_semantics,0.8,auto,low,bulk-approve if source registry is accepted,WM811K scratch pattern is represented at Wafer surface.,candidate/plausible explanation only; not a verified root-cause label
